trait	N	var_G	var_batch	var_E	H2
spore_area	589	3.797378	0.383354	6.812976	0.345414
optical_density	588	4.836956	0.427553	5.072606	0.467921
